{"cameraMode":{"drawMode":0,"name":"Shaded","section":"Shading Mode"},"sceneLighting":true,"audioPlay":false,"sceneViewState":{"showFog":true,"showMaterialUpdate":true,"showSkybox":true,"showFlares":true,"showImageEffects":true,"showParticleSystems":true},"in2DMode":false,"pivot":{"x":-0.024280190467834474,"y":0.7240757942199707,"z":-0.03125375509262085},"rotation":{"x":-0.06313484907150269,"y":0.9292164444923401,"z":-0.1881774663925171,"w":-0.3117508888244629},"size":1.3242417573928834,"orthographic":false}