{"cameraMode":{"drawMode":0,"name":"Shaded","section":"Shading Mode"},"sceneLighting":true,"audioPlay":false,"sceneViewState":{"showFog":true,"showMaterialUpdate":true,"showSkybox":true,"showFlares":true,"showImageEffects":true,"showParticleSystems":true},"in2DMode":false,"pivot":{"x":-0.020797312259674073,"y":0.7243829965591431,"z":-0.03250962495803833},"rotation":{"x":-0.04956046864390373,"y":-0.8501001000404358,"z":0.08134479820728302,"w":-0.5179355144500732},"size":3.706707239151001,"orthographic":false}