{"cameraMode":{"drawMode":0,"name":"Shaded","section":"Shading Mode"},"sceneLighting":true,"audioPlay":false,"sceneViewState":{"showFog":true,"showMaterialUpdate":true,"showSkybox":true,"showFlares":true,"showImageEffects":true,"showParticleSystems":true},"in2DMode":false,"pivot":{"x":17.63805389404297,"y":-2.5823240280151369,"z":21.757665634155275},"rotation":{"x":0.14775541424751283,"y":-0.8331196308135986,"z":0.26677751541137698,"w":0.46142515540122988},"size":5.44697380065918,"orthographic":false}