{"cameraMode":{"drawMode":0,"name":"Shaded","section":"Shading Mode"},"sceneLighting":true,"audioPlay":false,"sceneViewState":{"showFog":true,"showMaterialUpdate":true,"showSkybox":true,"showFlares":true,"showImageEffects":true,"showParticleSystems":true},"in2DMode":false,"pivot":{"x":5.763025283813477,"y":-12.119839668273926,"z":2.511622667312622},"rotation":{"x":0.016186224296689035,"y":-0.8846566677093506,"z":0.4649535119533539,"w":0.030795462429523469},"size":10.0,"orthographic":false}