{"cameraMode":{"drawMode":0,"name":"Shaded","section":"Shading Mode"},"sceneLighting":true,"audioPlay":false,"sceneViewState":{"showFog":true,"showMaterialUpdate":true,"showSkybox":true,"showFlares":true,"showImageEffects":true,"showParticleSystems":true},"in2DMode":false,"pivot":{"x":11.875131607055664,"y":-4.146920204162598,"z":20.717647552490236},"rotation":{"x":0.3446394205093384,"y":0.4231601357460022,"z":-0.1781107485294342,"w":0.8188024163246155},"size":5.76849889755249,"orthographic":false}