{"cameraMode":{"drawMode":0,"name":"Shaded","section":"Shading Mode"},"sceneLighting":true,"audioPlay":false,"sceneViewState":{"showFog":true,"showMaterialUpdate":true,"showSkybox":true,"showFlares":true,"showImageEffects":true,"showParticleSystems":true},"in2DMode":false,"pivot":{"x":12.841235160827637,"y":3.771022081375122,"z":12.683719635009766},"rotation":{"x":-0.2414618581533432,"y":-0.7270296216011047,"z":0.3124237656593323,"w":-0.5617671608924866},"size":2.2136242389678957,"orthographic":false}