{"cameraMode":{"drawMode":0,"name":"Shaded","section":"Shading Mode"},"sceneLighting":true,"audioPlay":false,"sceneViewState":{"showFog":true,"showMaterialUpdate":true,"showSkybox":true,"showFlares":true,"showImageEffects":true,"showParticleSystems":true},"in2DMode":false,"pivot":{"x":0.716731607913971,"y":0.8675073385238648,"z":29.882308959960939},"rotation":{"x":-0.018130045384168626,"y":-0.9811927676200867,"z":0.1156318411231041,"w":-0.15370896458625794},"size":1.5027451515197755,"orthographic":false}