{"cameraMode":{"drawMode":0,"name":"Shaded","section":"Shading Mode"},"sceneLighting":true,"audioPlay":false,"sceneViewState":{"showFog":true,"showMaterialUpdate":true,"showSkybox":true,"showFlares":true,"showImageEffects":true,"showParticleSystems":true},"in2DMode":false,"pivot":{"x":1.7330853939056397,"y":0.8862442970275879,"z":0.5337800979614258},"rotation":{"x":-0.06698115915060044,"y":-0.9317213296890259,"z":0.22535185515880586,"w":-0.27691441774368288},"size":1.5027451515197755,"orthographic":false}