{"cameraMode":{"drawMode":0,"name":"Shaded","section":"Shading Mode"},"sceneLighting":true,"audioPlay":false,"sceneViewState":{"showFog":true,"showMaterialUpdate":true,"showSkybox":true,"showFlares":true,"showImageEffects":true,"showParticleSystems":true},"in2DMode":false,"pivot":{"x":-0.2816561758518219,"y":-6.326176166534424,"z":1.6794124841690064},"rotation":{"x":0.11254724115133286,"y":0.8834148645401001,"z":-0.2735735774040222,"w":0.36344432830810549},"size":10.0,"orthographic":false}