{"cameraMode":{"drawMode":0,"name":"Shaded","section":"Shading Mode"},"sceneLighting":true,"audioPlay":false,"sceneViewState":{"showFog":true,"showMaterialUpdate":true,"showSkybox":true,"showFlares":true,"showImageEffects":true,"showParticleSystems":true},"in2DMode":false,"pivot":{"x":-0.020797312259674073,"y":0.7243829965591431,"z":-0.03250962495803833},"rotation":{"x":0.040667954832315448,"y":-0.9588642716407776,"z":0.18223345279693604,"w":0.21402627229690553},"size":1.3067076206207276,"orthographic":false}