{"cameraMode":{"drawMode":0,"name":"Shaded","section":"Shading Mode"},"sceneLighting":true,"audioPlay":false,"sceneViewState":{"showFog":true,"showMaterialUpdate":true,"showSkybox":true,"showFlares":true,"showImageEffects":true,"showParticleSystems":true},"in2DMode":false,"pivot":{"x":-0.5378798246383667,"y":1.5060513019561768,"z":1.0018866062164307},"rotation":{"x":-0.01306219957768917,"y":0.9629309177398682,"z":-0.26526588201522829,"w":-0.04741282761096954},"size":1.3191533088684083,"orthographic":false}