{"cameraMode":{"drawMode":0,"name":"Shaded","section":"Shading Mode"},"sceneLighting":true,"audioPlay":false,"sceneViewState":{"showFog":true,"showMaterialUpdate":true,"showSkybox":true,"showFlares":true,"showImageEffects":true,"showParticleSystems":true},"in2DMode":false,"pivot":{"x":18.966787338256837,"y":-12.993110656738282,"z":8.984057426452637},"rotation":{"x":-0.17440539598464967,"y":-0.786850094795227,"z":0.2574203610420227,"w":-0.5331096053123474},"size":14.243122100830079,"orthographic":false}