{"cameraMode":{"drawMode":0,"name":"Shaded","section":"Shading Mode"},"sceneLighting":true,"audioPlay":false,"sceneViewState":{"showFog":true,"showMaterialUpdate":true,"showSkybox":true,"showFlares":true,"showImageEffects":true,"showParticleSystems":true},"in2DMode":false,"pivot":{"x":0.36852967739105227,"y":1.7761982679367066,"z":-0.4694635272026062},"rotation":{"x":-0.16695955395698548,"y":0.811328649520874,"z":-0.27871307730674746,"w":-0.48600780963897707},"size":1.0136239528656006,"orthographic":false}